{
    "partials": {

        "menu": {
            "label": "Menu"
        },
        
        "pagination": {
            "prev": "Previous",
            "next": "Next"
        },
        
        "shareButtons": {
            "shareWithFacebook": "Facebook",
            "shareWithTwitter": "Twitter",
            "shareWithPinterest": "Pinterest",
            "shareWithMix": "Mix",
            "shareWithLinkedIn": "LinkedIn",
            "shareWithBuffer": "Buffer",
            "shareWithWhatsApp": "WhatsApp"
        },
        
        "footer": {
            "backToTop": "Back to top"
        }
    },
    
    "post": {
        "publishedBy": "By",
        "relatedPosts": "You should also read:",
        "readMore": "Continue reading...",
        "lastUpdatedDate": "This article was updated on",
        "comments": "Comments",
        "previousPost": "Previous",
        "nextPost": "Next"
    },
    
    "tags": {
        "tagsPageTitle": "Tags",
        "description": "Collection of all tags"
    },

    "author": {
        "visitWebsite": "Visit website"
    },

    "error": {
        "404": "404",
        "message-1": "Page not found",
        "message-2": "The page you were looking for appears to have been moved, deleted or does not exist. You could go back to where you were or head straight to our home page.",
        "button": "Go home"
    },
    
    "search": {
        "placeholder": "search...",
        "search": "Search",
        "close": "Close",
        "title": "Search",
        "submit": "Submit"
    }
}
